ID,Vehicle_Type,Speed_kmph,Overspeed,Helmet_Status,Violation_Type,Image_Name,Timestamp
2,car,63,YES,N/A,overspeed,id_2_car_63kmph_overspeed_2026-04-20_13-36-56.jpg,2026-04-20_13-36-56
33,car,67,YES,N/A,overspeed,id_33_car_67kmph_overspeed_2026-04-20_13-37-24.jpg,2026-04-20_13-37-24
38,car,67,YES,N/A,overspeed,id_38_car_67kmph_overspeed_2026-04-20_13-37-27.jpg,2026-04-20_13-37-27
46,car,67,YES,N/A,overspeed,id_46_car_67kmph_overspeed_2026-04-20_13-37-33.jpg,2026-04-20_13-37-33
47,car,63,YES,N/A,overspeed,id_47_car_63kmph_overspeed_2026-04-20_13-37-37.jpg,2026-04-20_13-37-37
50,car,72,YES,N/A,overspeed,id_50_car_72kmph_overspeed_2026-04-20_13-37-46.jpg,2026-04-20_13-37-46
51,car,67,YES,N/A,overspeed,id_51_car_67kmph_overspeed_2026-04-20_13-37-52.jpg,2026-04-20_13-37-52
52,car,63,YES,N/A,overspeed,id_52_car_63kmph_overspeed_2026-04-20_13-37-58.jpg,2026-04-20_13-37-58
53,truck,67,YES,N/A,overspeed,id_53_truck_67kmph_overspeed_2026-04-20_13-38-03.jpg,2026-04-20_13-38-03
57,car,83,YES,N/A,overspeed,id_57_car_83kmph_overspeed_2026-04-20_13-38-07.jpg,2026-04-20_13-38-07
62,car,83,YES,N/A,overspeed,id_62_car_83kmph_overspeed_2026-04-20_13-38-19.jpg,2026-04-20_13-38-19
64,car,77,YES,N/A,overspeed,id_64_car_77kmph_overspeed_2026-04-20_13-38-37.jpg,2026-04-20_13-38-37
65,car,77,YES,N/A,overspeed,id_65_car_77kmph_overspeed_2026-04-20_13-38-43.jpg,2026-04-20_13-38-43
69,car,67,YES,N/A,overspeed,id_69_car_67kmph_overspeed_2026-04-20_13-38-51.jpg,2026-04-20_13-38-51
70,truck,72,YES,N/A,overspeed,id_70_truck_72kmph_overspeed_2026-04-20_13-39-01.jpg,2026-04-20_13-39-01
71,car,72,YES,N/A,overspeed,id_71_car_72kmph_overspeed_2026-04-20_13-39-24.jpg,2026-04-20_13-39-24
78,car,63,YES,N/A,overspeed,id_78_car_63kmph_overspeed_2026-04-20_13-39-41.jpg,2026-04-20_13-39-41
79,car,77,YES,N/A,overspeed,id_79_car_77kmph_overspeed_2026-04-20_13-39-54.jpg,2026-04-20_13-39-54
80,car,83,YES,N/A,overspeed,id_80_car_83kmph_overspeed_2026-04-20_13-40-13.jpg,2026-04-20_13-40-13
92,car,72,YES,N/A,overspeed,id_92_car_72kmph_overspeed_2026-04-20_13-40-25.jpg,2026-04-20_13-40-25
96,car,77,YES,N/A,overspeed,id_96_car_77kmph_overspeed_2026-04-20_13-40-32.jpg,2026-04-20_13-40-32
98,car,83,YES,N/A,overspeed,id_98_car_83kmph_overspeed_2026-04-20_13-40-33.jpg,2026-04-20_13-40-33
101,car,72,YES,N/A,overspeed,id_101_car_72kmph_overspeed_2026-04-20_13-40-39.jpg,2026-04-20_13-40-39
